{
	"format_version": "1.8.0",
	"animations": {
		"run": {
			"loop": true,
			"animation_length": 1,
			"bones": {
				"torso_bend": {
					"rotation": {
						"0.0": {
							"vector": [0, -2, 0]
						},
						"0.0833": {
							"vector": [0.02, -1.13, 0.78]
						},
						"0.125": {
							"vector": [0.02, -0.5, 1]
						},
						"0.1667": {
							"vector": [0.02, -0.24, 0.97]
						},
						"0.25": {
							"vector": [0.02, 0.41, 0.81]
						},
						"0.3333": {
							"vector": [0.01, 1.11, 0.55]
						},
						"0.4167": {
							"vector": [0, 1.69, 0.26]
						},
						"0.5": {
							"vector": [0, 2, 0]
						},
						"0.5833": {
							"vector": [0.02, 1.22, -0.81]
						},
						"0.625": {
							"vector": [0.02, 0.5, -1]
						},
						"0.6667": {
							"vector": [0.02, 0.24, -0.97]
						},
						"0.75": {
							"vector": [0.02, -0.47, -0.79]
						},
						"0.8333": {
							"vector": [0.01, -1.22, -0.51]
						},
						"0.9167": {
							"vector": [0, -1.81, -0.22]
						},
						"1.0": {
							"vector": [0, -2, 0]
						}
					},
					"position": {
						"vector": [0, 0, 0]
					}
				},
				"right_arm_bend": {
					"rotation": {
						"0.0": {
							"vector": [-7.5, 0, 0]
						},
						"0.0833": {
							"vector": [-8.94, 0, 0]
						},
						"0.1667": {
							"vector": [-11, 0, 0]
						},
						"0.2083": {
							"vector": [-11.95954, -2.4458, 0.51789]
						},
						"0.25": {
							"vector": [-13.4, 0, 0]
						},
						"0.3333": {
							"vector": [-15.88, 0, 0]
						},
						"0.4167": {
							"vector": [-18.17, 0, 0]
						},
						"0.5": {
							"vector": [-20, 0, 0]
						},
						"0.5833": {
							"vector": [-24.71, 0, 0]
						},
						"0.6667": {
							"vector": [-25.59, 0, 0]
						},
						"0.75": {
							"vector": [-22.31, 0, 0]
						},
						"0.8333": {
							"vector": [-16.9, 0, 0]
						},
						"0.9167": {
							"vector": [-11.31, 0, 0]
						},
						"1.0": {
							"vector": [-7.5, 0, 0]
						}
					},
					"position": {
						"vector": [0, 0, 0]
					}
				},
				"left_arm_bend": {
					"rotation": {
						"0.0": {
							"vector": [-7.5, 0, 0]
						},
						"0.0833": {
							"vector": [-8.94, 0, 0]
						},
						"0.1667": {
							"vector": [-11, 0, 0]
						},
						"0.2083": {
							"vector": [-11.95954, 2.4458, -0.51789]
						},
						"0.25": {
							"vector": [-13.4, 0, 0]
						},
						"0.3333": {
							"vector": [-15.88, 0, 0]
						},
						"0.4167": {
							"vector": [-18.17, 0, 0]
						},
						"0.5": {
							"vector": [-20, 0, 0]
						},
						"0.5833": {
							"vector": [-24.71, 0, 0]
						},
						"0.6667": {
							"vector": [-25.59, 0, 0]
						},
						"0.75": {
							"vector": [-22.31, 0, 0]
						},
						"0.8333": {
							"vector": [-16.9, 0, 0]
						},
						"0.9167": {
							"vector": [-11.31, 0, 0]
						},
						"1.0": {
							"vector": [-7.5, 0, 0]
						}
					},
					"position": {
						"vector": [0, 0, 0]
					}
				},
				"right_leg_bend": {
					"rotation": {
						"0.0": {
							"vector": [3.01, -0.25, 0.95]
						},
						"0.0833": {
							"vector": [36.81, -0.26, 0.58]
						},
						"0.125": {
							"vector": [49.99, -0.24, 0.42]
						},
						"0.1667": {
							"vector": [51.62, -0.2, 0.35]
						},
						"0.25": {
							"vector": [40, -0.06, 0.34]
						},
						"0.3333": {
							"vector": [18.52, 0.12, 0.42]
						},
						"0.375": {
							"vector": [10, 0.19, 0.46]
						},
						"0.4167": {
							"vector": [7.39, 0.22, 0.49]
						},
						"0.5": {
							"vector": [10, 0.19, 0.46]
						},
						"0.5833": {
							"vector": [17.57, 0.01, 0.17]
						},
						"0.625": {
							"vector": [20.5, -0.04, 0]
						},
						"0.6667": {
							"vector": [21.19, 0, -0.15]
						},
						"0.75": {
							"vector": [18, 0.17, -0.48]
						},
						"0.8333": {
							"vector": [5.42, 0.27, -1.03]
						},
						"0.875": {
							"vector": [0.51, 0.25, -1.03]
						},
						"0.9167": {
							"vector": [-0.04, 0.11, -0.49]
						},
						"1.0": {
							"vector": [3.01, -0.25, 0.95]
						}
					},
					"position": {
						"0.0": {
							"vector": [0, 0, 0]
						},
						"0.0833": {
							"vector": [0, 0, 0]
						},
						"0.1667": {
							"vector": [0, 0, 0]
						},
						"0.25": {
							"vector": [0, 0, 0]
						},
						"0.3333": {
							"vector": [0, 0, 0]
						},
						"0.4167": {
							"vector": [0, 0, 0]
						},
						"0.5": {
							"vector": [0, 0, 0]
						},
						"0.5833": {
							"vector": [0, 0, 0]
						},
						"0.6667": {
							"vector": [0, 0, 0]
						},
						"0.75": {
							"vector": [0, 0, 0]
						},
						"0.8333": {
							"vector": [0, 0, 0]
						},
						"0.9167": {
							"vector": [0, 0, 0]
						},
						"1.0": {
							"vector": [0, 0, 0]
						}
					}
				},
				"left_leg_bend": {
					"rotation": {
						"0.0": {
							"vector": [10, -0.19, -0.46]
						},
						"0.0833": {
							"vector": [17.57, -0.01, -0.17]
						},
						"0.125": {
							"vector": [20.5, 0.04, 0]
						},
						"0.1667": {
							"vector": [21.19, 0, 0.15]
						},
						"0.25": {
							"vector": [18, -0.17, 0.48]
						},
						"0.3333": {
							"vector": [5.05, -0.24, 0.92]
						},
						"0.375": {
							"vector": [0.51, -0.25, 1.03]
						},
						"0.4167": {
							"vector": [-0.12, -0.26, 0.99]
						},
						"0.5": {
							"vector": [8, -0.21, 0.64]
						},
						"0.5833": {
							"vector": [38.57, 0.12, -0.13]
						},
						"0.625": {
							"vector": [49.99, 0.24, -0.42]
						},
						"0.6667": {
							"vector": [51.25, 0.23, -0.47]
						},
						"0.75": {
							"vector": [40, 0.06, -0.34]
						},
						"0.8333": {
							"vector": [18.52, -0.12, -0.42]
						},
						"0.875": {
							"vector": [10, -0.19, -0.46]
						},
						"0.9167": {
							"vector": [7.78, -0.21, -0.47]
						},
						"1.0": {
							"vector": [10, -0.19, -0.46]
						}
					},
					"position": {
						"0.0": {
							"vector": [0, 0, 0]
						},
						"0.0833": {
							"vector": [0, 0, 0]
						},
						"0.1667": {
							"vector": [0, 0, 0]
						},
						"0.25": {
							"vector": [0, 0, 0]
						},
						"0.3333": {
							"vector": [0, 0, 0]
						},
						"0.4167": {
							"vector": [0, 0, 0]
						},
						"0.5": {
							"vector": [0, 0, 0]
						},
						"0.5833": {
							"vector": [0, 0, 0]
						},
						"0.6667": {
							"vector": [0, 0, 0]
						},
						"0.75": {
							"vector": [0, 0, 0]
						},
						"0.8333": {
							"vector": [0, 0, 0]
						},
						"0.9167": {
							"vector": [0, 0, 0]
						},
						"1.0": {
							"vector": [0, 0, 0]
						}
					}
				},
				"left_arm": {
					"rotation": {
						"0.0": {
							"vector": [15, 0, -2]
						},
						"0.0833": {
							"vector": [11.04, 0, -2]
						},
						"0.1667": {
							"vector": [5, 0, -2]
						},
						"0.25": {
							"vector": [-1.87, 0, -2]
						},
						"0.3333": {
							"vector": [-8.33, 0, -2]
						},
						"0.4167": {
							"vector": [-13.12, 0, -2]
						},
						"0.5": {
							"vector": [-15, 0, -2]
						},
						"0.5833": {
							"vector": [-13.13, 0, -2]
						},
						"0.6667": {
							"vector": [-8.33, 0, -2]
						},
						"0.75": {
							"vector": [-1.87, 0, -2]
						},
						"0.8333": {
							"vector": [5, 0, -2]
						},
						"0.9167": {
							"vector": [11.04, 0, -2]
						},
						"1.0": {
							"vector": [15, 0, -2]
						}
					},
					"position": {
						"vector": [0, 0, 0]
					}
				},
				"left_leg": {
					"rotation": {
						"0.0": {
							"vector": [-30, -2, 0]
						},
						"0.0833": {
							"vector": [-28.65, -2.26, -0.45]
						},
						"0.125": {
							"vector": [-25.97, -2.36, -0.66]
						},
						"0.1667": {
							"vector": [-20.58, -2.4, -0.73]
						},
						"0.25": {
							"vector": [-5.97, -2.36, -0.87]
						},
						"0.3333": {
							"vector": [10.25, -2.1, -1.6]
						},
						"0.375": {
							"vector": [16.55, -1.96, -1.94]
						},